namecode|FullnameNoAuthors|accepted_namecode|tropicos_namecode|OutputHowMatched|family_with_authors|publication|collation|volume|issue|pages|OutputTitlePageYear|OutputYearPublished|OutputNomenclatureStatus|bhlink
124|Aspidiaceae|125|50239151|FullnameNoAuthorsIllegit|Aspidiaceae Frank|Syn. Pflanzenk. (ed. 2)|3: 1469|3||1469|1877||Illegitimate|
101|Psilotaceae||42000408|FullnameNoAuthors|Psilotaceae J.W. Griff. & Henfr.|Microgr. Dict.|540|||540|1855||Legitimate|
103|Selaginellaceae||42000411|FullnameNoAuthors|Selaginellaceae Willk.|Anleit. Stud. Bot.|2: 163|2||163|1854||Legitimate|
104|Isoetaceae||42000400|FullnameNoAuthors|Isoetaceae Dumort.|Anal. Fam. Pl.|67|||67|1829||Legitimate|http://www.biodiversitylibrary.org/openurl?pid=title:443&volume=&issue=&spage=67&date=1829
105|Equisetaceae||42000396|FullnameNoAuthors|Equisetaceae Michx. ex DC.|Essai Propr. Méd. Pl.|49|||49|1804||Legitimate|
106|Ophioglossaceae||42000404|FullnameNoAuthors|Ophioglossaceae Martinov|Tekhno-Bot. Slovar.|438|||438|1820||Legitimate|
108|Osmundaceae||42000405|FullnameNoAuthors|Osmundaceae Martinov|Tekhno-Bot. Slovar.|445|||445|1820||Legitimate|
109|Schizaeaceae||42000410|FullnameNoAuthors|Schizaeaceae Kaulf.|Wesen Farrenkr.|119|||119|1827||Legitimate|
110|Gleicheniaceae||42000397|FullnameNoAuthors|Gleicheniaceae C. Presl|Reliq. Haenk.|1: 70|1||70|1825||Legitimate|http://www.biodiversitylibrary.org/openurl?pid=title:515&volume=1&issue=&spage=70&date=1825
111|Hymenophyllaceae||42000399|FullnameNoAuthors|Hymenophyllaceae Mart.|Consp. Regn. Veg.|3|||3|1835||Legitimate|
112|Plagiogyriaceae||42000421|FullnameNoAuthors|Plagiogyriaceae Bower|Ann. Bot. (Oxford)|40: 484|40||484|1926||Legitimate|
114|Cyatheaceae||42000425|FullnameNoAuthors|Cyatheaceae Kaulf.|Wesen Farrenkr.|119|||119|1827||Legitimate|
115|Dennstaedtiaceae||42000394|FullnameNoAuthors|Dennstaedtiaceae Lotsy|Vortr. Bot. Stammesgesch.|2: 655|2||655|1909||Legitimate|
116|Lindsaeaceae||50109370|FullnameNoAuthors|Lindsaeaceae C. Presl ex M.R. Schomb.|Reis. Br.-Guiana|3: 883, 1048|3||883|1848|1849|Legitimate|http://www.biodiversitylibrary.org/openurl?pid=title:51509&volume=3&issue=&spage=883&date=1848
117|Davalliaceae||42000435|FullnameNoAuthors|Davalliaceae M.R. Schomb. ex A.B. Frank|Reis. Br.-Guiana|3: 883|3||883|1848|1849|Legitimate|http://www.biodiversitylibrary.org/openurl?pid=title:51509&volume=3&issue=&spage=883&date=1848
118|Oleandraceae||50109360|FullnameNoAuthors|Oleandraceae Ching ex Pic. Serm.|Webbia|20(2): 745|20|2|745|1965||Legitimate|
119|Pteridaceae||42000389|FullnameNoAuthors|Pteridaceae E.D.M. Kirchn.|Schul-Bot.|109|||109|1831||Legitimate|
122|Onocleaceae||42000431|FullnameNoAuthors|Onocleaceae Pic. Serm.|Webbia|24: 708|24||708|1970||Legitimate|
123|Blechnaceae||42000393|FullnameNoAuthors|Blechnaceae Newman|Hist. Brit. Ferns (ed. 2)|8|||8|1844||Legitimate|
126|Lomariopsidaceae||42000432|FullnameNoAuthors|Lomariopsidaceae Alston|Taxon|5: 25|5||25|1956||Legitimate|
127|Thelypteridaceae||42000412|FullnameNoAuthors|Thelypteridaceae Ching ex Pic. Serm.|Webbia|24: 709|24||709|1970||Legitimate|
128|Athyriaceae||42000430|FullnameNoAuthors|Athyriaceae Alston|Taxon|5: 25|5||25|1956||Legitimate|
129|Aspleniaceae||42000391|FullnameNoAuthors|Aspleniaceae Newman|Hist. Brit. Ferns|6|||6|1840||Legitimate|http://www.biodiversitylibrary.org/openurl?pid=title:54705&volume=&issue=&spage=6&date=1840
130|Dipteridaceae||42000455|FullnameNoAuthors|Dipteridaceae Seward & E. Dale|Philos. Trans., Ser. B|194: 487, 499, 502|194||487|1901||Legitimate|
132|Polypodiaceae||42000407|FullnameNoAuthors|Polypodiaceae J. Presl & C. Presl|Delic. Prag.|159|||159|1822||Legitimate|http://www.biodiversitylibrary.org/openurl?pid=title:46467&volume=&issue=&spage=159&date=1822
133|Grammitidaceae||42000398|FullnameNoAuthors|Grammitidaceae Newman|Hist. Brit. Ferns|7|||7|1840||Legitimate|http://www.biodiversitylibrary.org/openurl?pid=title:54705&volume=&issue=&spage=7&date=1840
135|Marsileaceae||42000403|FullnameNoAuthors|Marsileaceae Mirb.|Hist. Nat. Vég.|5: 126|5||126|1802||Legitimate|
136|Salviniaceae||42000409|FullnameNoAuthors|Salviniaceae Martinov|Tekhno-Bot. Slovar.|559|||559|1820||Legitimate|
207|Pinaceae||42000417|FullnameNoAuthors|Pinaceae Spreng. ex Rudolphi|Syst. Orb. Veg.|35|||35|1830||Legitimate|
324|Caryophyllaceae||42000077|FullnameNoAuthors|Caryophyllaceae Juss.|Gen. Pl.|299|||299|1789||Legitimate|http://www.biodiversitylibrary.org/openurl?pid=title:284&volume=&issue=&spage=299&date=1789
329|Annonaceae||42000007|FullnameNoAuthors|Annonaceae Juss.|Gen. Pl.|283|||283|1789||Legitimate|http://www.biodiversitylibrary.org/openurl?pid=title:284&volume=&issue=&spage=283&date=1789
337|Berberidaceae||42000031|FullnameNoAuthors|Berberidaceae Juss.|Gen. Pl.|286|||286|1789||Legitimate|http://www.biodiversitylibrary.org/openurl?pid=title:284&volume=&issue=&spage=286&date=1789
350|Actinidiaceae||42000088|FullnameNoAuthors|Actinidiaceae Gilg & Werderm.|Nat. Pflanzenfam. (ed. 2)|21: 36|21||36|1925||Legitimate|
420|Meliaceae||42000264|FullnameNoAuthors|Meliaceae Juss.|Gen. Pl.|263|||263|1789||Legitimate|http://www.biodiversitylibrary.org/openurl?pid=title:284&volume=&issue=&spage=263&date=1789
454|Cucurbitaceae||42000129|FullnameNoAuthors|Cucurbitaceae Juss.|Gen. Pl.|393–394|||393|1789||Legitimate|http://www.biodiversitylibrary.org/openurl?pid=title:284&volume=&issue=&spage=393&date=1789
527|Acanthaceae||42000303|FullnameNoAuthors|Acanthaceae Juss.|Gen. Pl.|102–103|||102|1789||Legitimate|http://www.biodiversitylibrary.org/openurl?pid=title:284&volume=&issue=&spage=102&date=1789
534|Caprifoliaceae||42000317|FullnameNoAuthors|Caprifoliaceae Juss.|Gen. Pl.|210–211|||210|1789||Legitimate|http://www.biodiversitylibrary.org/openurl?pid=title:284&volume=&issue=&spage=210&date=1789
536|Dipsacaceae||42000320|FullnameNoAuthors|Dipsacaceae Juss.|Gen. Pl.|194|||194|1789||Legitimate|http://www.biodiversitylibrary.org/openurl?pid=title:284&volume=&issue=&spage=194&date=1789
537|Campanulaceae||42000310|FullnameNoAuthors|Campanulaceae Juss.|Gen. Pl.|163|||163|1789||Legitimate|http://www.biodiversitylibrary.org/openurl?pid=title:284&volume=&issue=&spage=163&date=1789
540|Sphenocleaceae||42000309|FullnameNoAuthors|Sphenocleaceae T. Baskerv.|Affin. Pl.|110|||110|1839||Legitimate|
601|Alismataceae||42000325|FullnameNoAuthors|Alismataceae Vent.|Tabl. Regn. Veg.|2: 157|2||157|1799||Legitimate|
602|Butomaceae||42000323|FullnameNoAuthors|Butomaceae Mirb.|Hist. Nat. Pl.|8: 194|8||194|1804||Legitimate|
603|Hydrocharitaceae||42000326|FullnameNoAuthors|Hydrocharitaceae Juss.|Gen. Pl.|67|||67|1789||Legitimate|http://www.biodiversitylibrary.org/openurl?pid=title:284&volume=&issue=&spage=67&date=1789
604|Aponogetonaceae||42000327|FullnameNoAuthors|Aponogetonaceae Planch.|Bot. Mag.|, ad pl. 4894||||1856||Legitimate|http://www.biodiversitylibrary.org/openurl?pid=title:307&volume=&issue=&spage=&date=1856
605|Potamogetonaceae||42000330|FullnameNoAuthors|Potamogetonaceae Bercht. & J. Presl|P?ir. Rostlin|1(7): [1], 3|1|7|[1]|1823||Legitimate|
606|Ruppiaceae||42000331|FullnameNoAuthors|Ruppiaceae Horan.|Prim. Lin. Syst. Nat.|46|||46|1834||Legitimate|
619|Burmanniaceae||42000386|FullnameNoAuthors|Burmanniaceae Blume|Enum. Pl. Javae|27|||27|1827||Legitimate|http://www.biodiversitylibrary.org/openurl?pid=title:44901&volume=&issue=&spage=27&date=1827
627|Cyperaceae||42000356|FullnameNoAuthors|Cyperaceae Juss.|Gen. Pl.|26|||26|1789||Legitimate|http://www.biodiversitylibrary.org/openurl?pid=title:284&volume=&issue=&spage=26&date=1789
632|Araceae||42000343|FullnameNoAuthors|Araceae Juss.|Gen. Pl.|23|||23|1789||Legitimate|http://www.biodiversitylibrary.org/openurl?pid=title:284&volume=&issue=&spage=23&date=1789
634|Pandanaceae||42000341|FullnameNoAuthors|Pandanaceae R. Br.|Prodr.|340|||340|1810||Legitimate|http://www.biodiversitylibrary.org/openurl?pid=title:3678&volume=&issue=&spage=340&date=1810
636|Typhaceae||42000360|FullnameNoAuthors|Typhaceae Juss.|Gen. Pl.|25|||25|1789||Legitimate|http://www.biodiversitylibrary.org/openurl?pid=title:284&volume=&issue=&spage=25&date=1789
644|Triuridaceae||42000338|FullnameNoAuthors|Triuridaceae Gardner|Trans. Linn. Soc. London|19: 160|19||160|1843||Legitimate|http://www.biodiversitylibrary.org/openurl?pid=title:683&volume=19&issue=&spage=160&date=1843
700|Pentaphragmataceae||42000308|FullnameNoAuthors|Pentaphragmataceae J. Agardh|Theoria Syst. Pl.|95|||95|1858||Legitimate|
710|Stylidiaceae||42000311|FullnameNoAuthors|Stylidiaceae R. Br.|Prodr.|565|||565|1810||Legitimate|http://www.biodiversitylibrary.org/openurl?pid=title:3678&volume=&issue=&spage=565&date=1810
715|Cymodoceaceae||42000335|FullnameNoAuthors|Cymodoceaceae Vines|Stud. Text-book Bot.|553|||553|1895||Legitimate|http://www.biodiversitylibrary.org/openurl?pid=title:29716&volume=&issue=&spage=553&date=1895
720|Tectariaceae||42000427|FullnameNoAuthors|Tectariaceae Panigrahi|J. Orissa Bot. Soc.|8: 41|8||41|1986||Legitimate|
721|Juncaginaceae||42000329|FullnameNoAuthors|Juncaginaceae Rich.|Démonstr. Bot.|9|||9|1808||Legitimate|
722|Tetramelaceae||100353070|FullnameNoAuthors|Tetramelaceae Airy Shaw|Kew Bull.|18: 267|18||267|1965||Legitimate|
737|Morinaceae||100352917|FullnameNoAuthors|Morinaceae Raf.|Ann. Gén. Sci. Phys.|6: 88|6||88|1820||Legitimate|
102|Lycopodiaceae||42000401|FullnameNoAuthors|Lycopodiaceae P. Beauv. ex Mirb.|Hist. Nat. Vég.|4: 293|4||293|1802||No opinion|
113|Dicksoniaceae||42000424|FullnameNoAuthors|Dicksoniaceae M.R. Schomb.|Reis. Br.-Guiana|3: 1047|3||1047|1848|1849|No opinion|http://www.biodiversitylibrary.org/openurl?pid=title:51509&volume=3&issue=&spage=1047&date=1848
120|Adiantaceae||42000426|FullnameNoAuthors|Adiantaceae Newman|Hist. Brit. Ferns|5|||5|1840||No opinion|http://www.biodiversitylibrary.org/openurl?pid=title:54705&volume=&issue=&spage=5&date=1840
121|Vittariaceae||42000413|FullnameNoAuthors|Vittariaceae Ching|Sunyatsenia|5(4): 210, 232|5|4|210|1940||No opinion|
131|Cheiropleuriaceae||42000453|FullnameNoAuthors|Cheiropleuriaceae Nakai|Bot. Mag. (Tokyo)|42(496): 210–213|42|496|210|1928||No opinion|
137|Azollaceae||42000392|FullnameNoAuthors|Azollaceae Wettst.|Handb. Syst. Bot.|2: 77|2||77|1903||No opinion|
201|Cycadaceae||42000445|FullnameNoAuthors|Cycadaceae Pers.|Syn. Pl.|2: 630|2||630|1807||No opinion|http://www.biodiversitylibrary.org/openurl?pid=title:638&volume=2&issue=&spage=630&date=1807
202|Ginkgoaceae||42000415|FullnameNoAuthors|Ginkgoaceae Engl.|Nat. Pflanzenfam.|1: 19|1||19|1897||No opinion|http://www.biodiversitylibrary.org/openurl?pid=title:4635&volume=1&issue=&spage=19&date=1897
203|Taxaceae||42000416|FullnameNoAuthors|Taxaceae Gray|Nat. Arr. Brit. Pl.|2: 222, 226|2||222|1822||No opinion|
204|Amentotaxaceae||100353310|FullnameNoAuthors|Amentotaxaceae Kudô & Yamam.|J. Soc. Trop. Agric.|3: 110|3||110|1931||No opinion|
205|Cephalotaxaceae||42000174|FullnameNoAuthors|Cephalotaxaceae Neger|Nadelhölzer|23, 30|||23|1907||No opinion|
208|Taxodiaceae||42000452|FullnameNoAuthors|Taxodiaceae Saporta|Ann. Sci. Nat., Bot., sér. 5,|4: 44|4||44|1865||No opinion|http://www.biodiversitylibrary.org/openurl?pid=title:5010&volume=4&issue=&spage=44&date=1865
209|Araucariaceae||42000458|FullnameNoAuthors|Araucariaceae Henkel & W. Hochst.|Syn. Nadelhölz.|17: 1|17||1|1865||No opinion|
210|Cupressaceae||42000418|FullnameNoAuthors|Cupressaceae Gray|Nat. Arr. Brit. Pl.|2: 222, 225|2||222|1822||No opinion|
301|Casuarinaceae||42000065|FullnameNoAuthors|Casuarinaceae R. Br.|Voy. Terra Austral.|2: 571|2||571|1814||No opinion|
303|Juglandaceae||42000058|FullnameNoAuthors|Juglandaceae DC. ex Perleb|Vers. Arzneikr. Pfl.|143|||143|1818||No opinion|
304|Salicaceae||42000133|FullnameNoAuthors|Salicaceae Mirb.|Elém. Physiol. Vég. Bot.|2: 905|2||905|1815||No opinion|
305|Betulaceae||42000064|FullnameNoAuthors|Betulaceae Gray|Nat. Arr. Brit. Pl.|2: 222, 243|2||222|1822||No opinion|
306|Fagaceae||42000062|FullnameNoAuthors|Fagaceae Dumort.|Anal. Fam. Pl.|11, 12|||11|1829||No opinion|http://www.biodiversitylibrary.org/openurl?pid=title:443&volume=&issue=&spage=11&date=1829
307|Ulmaceae||42000050|FullnameNoAuthors|Ulmaceae Mirb.|Elém. Physiol. Vég. Bot.|2: 905|2||905|1815||No opinion|
309|Cecropiaceae||42000053|FullnameNoAuthors|Cecropiaceae C.C. Berg|Taxon|27(1): 39–40|27|1|39|1978||No opinion|
310|Urticaceae||42000054|FullnameNoAuthors|Urticaceae Juss.|Gen. Pl.|400|||400|1789||No opinion|http://www.biodiversitylibrary.org/openurl?pid=title:284&volume=&issue=&spage=400&date=1789
312|Olacaceae||42000210|FullnameNoAuthors|Olacaceae R. Br.|Narr. Exped. Zaire|452|||452|1818||No opinion|
313|Santalaceae||42000212|FullnameNoAuthors|Santalaceae R. Br.|Prodr.|305|||305|1810||No opinion|http://www.biodiversitylibrary.org/openurl?pid=title:3678&volume=&issue=&spage=305&date=1810
314|Opiliaceae||42000211|FullnameNoAuthors|Opiliaceae Valeton|Crit. Overz. Olacin.|136|||136|1886||No opinion|
316|Balanophoraceae||42000217|FullnameNoAuthors|Balanophoraceae Rich.|Mém. Mus. Hist. Nat.|8: 429|8||429|1822||No opinion|http://www.biodiversitylibrary.org/openurl?pid=title:50067&volume=8&issue=&spage=429&date=1822
320|Molluginaceae||42000076|FullnameNoAuthors|Molluginaceae Bartl.|Beitr. Bot.|2: 158|2||158|1825||No opinion|
322|Portulacaceae||42000074|FullnameNoAuthors|Portulacaceae Juss.|Gen. Pl.|312|||312|1789||No opinion|http://www.biodiversitylibrary.org/openurl?pid=title:284&volume=&issue=&spage=312&date=1789
323|Basellaceae||42000075|FullnameNoAuthors|Basellaceae Raf.|Fl. Tellur.|3: 44|3||44|1837||No opinion|
325|Chenopodiaceae||42000072|FullnameNoAuthors|Chenopodiaceae Vent.|Tabl. Regn. Veg.|2: 253|2||253|1799||No opinion|
326|Amaranthaceae||42000073|FullnameNoAuthors|Amaranthaceae Juss.|Gen. Pl.|87–88|||87|1789||No opinion|http://www.biodiversitylibrary.org/openurl?pid=title:284&volume=&issue=&spage=87&date=1789
327|Cactaceae||42000071|FullnameNoAuthors|Cactaceae Juss.|Gen. Pl.|310|||310|1789||No opinion|http://www.biodiversitylibrary.org/openurl?pid=title:284&volume=&issue=&spage=310&date=1789
331|Schisandraceae||42000023|FullnameNoAuthors|Schisandraceae Blume|Fl. Javae|32–33: 3|32-33||3|1830||No opinion|
332|Illiciaceae||42000022|FullnameNoAuthors|Illiciaceae A.C. Sm.|Sargentia|7: 8|7||8|1947||No opinion|
334|Hernandiaceae||42000017|FullnameNoAuthors|Hernandiaceae Blume|Bijdr. Fl. Ned. Ind.|(11): 550||11|550|1825|1826|No opinion|http://www.biodiversitylibrary.org/openurl?pid=title:395&volume=&issue=11&spage=550&date=1825
335|Trochodendraceae||42000040|FullnameNoAuthors|Trochodendraceae Eichler|Flora|48: 14|48||14|1865||No opinion|http://www.biodiversitylibrary.org/openurl?pid=title:64&volume=48&issue=&spage=14&date=1865
336|Ranunculaceae||42000029|FullnameNoAuthors|Ranunculaceae Juss.|Gen. Pl.|231|||231|1789||No opinion|http://www.biodiversitylibrary.org/openurl?pid=title:284&volume=&issue=&spage=231&date=1789
339|Menispermaceae||42000034|FullnameNoAuthors|Menispermaceae Juss.|Gen. Pl.|284–285|||284|1789||No opinion|http://www.biodiversitylibrary.org/openurl?pid=title:284&volume=&issue=&spage=284&date=1789
342|Cabombaceae||42000027|FullnameNoAuthors|Cabombaceae Rich. ex A. Rich.|Dict. Class. Hist. Nat.|2: 608|2||608|1822||No opinion|http://www.biodiversitylibrary.org/openurl?pid=title:33901&volume=2&issue=&spage=608&date=1822
343|Ceratophyllaceae||42000028|FullnameNoAuthors|Ceratophyllaceae Gray|Nat. Arr. Brit. Pl.|2: 395, 554|2||395|1822||No opinion|
345|Piperaceae||42000020|FullnameNoAuthors|Piperaceae Giseke|Prae. Ord. Nat. Pl.|123|||123|1792||No opinion|
346|Chloranthaceae||42000018|FullnameNoAuthors|Chloranthaceae R. Br. ex Sims|Bot. Mag.|48: sub pl. 2190|48||sub pl. 2190|1820||No opinion|http://www.biodiversitylibrary.org/openurl?pid=title:706&volume=48&issue=&spage=sub pl. 2190&date=1820
348|Rafflesiaceae||42000220|FullnameNoAuthors|Rafflesiaceae Dumort.|Anal. Fam. Pl.|13–14|||13|1829||No opinion|http://www.biodiversitylibrary.org/openurl?pid=title:443&volume=&issue=&spage=13&date=1829
349|Dilleniaceae||42000080|FullnameNoAuthors|Dilleniaceae Salisb.|Parad. Lond.|sub t. 73|||sub t. 73|1806|1807|No opinion|
351|Theaceae||42000087|FullnameNoAuthors|Theaceae Mirb.|Bot. Reg.|2: sub t. 112|2||sub t. 112|1816||No opinion|http://www.biodiversitylibrary.org/openurl?pid=title:382&volume=2&issue=&spage=sub t. 112&date=1816
353|Droseraceae||42000108|FullnameNoAuthors|Droseraceae Salisb.|Parad. Lond.|, ad t. 95||||1808||No opinion|
354|Papaveraceae||42000037|FullnameNoAuthors|Papaveraceae Juss.|Gen. Pl.|235–236|||235|1789||No opinion|http://www.biodiversitylibrary.org/openurl?pid=title:284&volume=&issue=&spage=235&date=1789
355|Fumariaceae||42000038|FullnameNoAuthors|Fumariaceae Marquis|Esq. Règne Vég.|50|||50|1820||No opinion|http://www.biodiversitylibrary.org/openurl?pid=title:60635&volume=&issue=&spage=50&date=1820
402|Platanaceae||42000043|FullnameNoAuthors|Platanaceae T. Lestib.|Botanogr. Élém.|526|||526|1826||No opinion|
405|Saxifragaceae||42000175|FullnameNoAuthors|Saxifragaceae Juss.|Gen. Pl.|308|||308|1789||No opinion|http://www.biodiversitylibrary.org/openurl?pid=title:284&volume=&issue=&spage=308&date=1789
406|Pittosporaceae||42000164|FullnameNoAuthors|Pittosporaceae R. Br.|Voy. Terra Austral.|2: 542|2||542|1814||No opinion|
408|Connaraceae||42000159|FullnameNoAuthors|Connaraceae R. Br.|Narr. Exped. Zaire|431|||431|1818||No opinion|
410|Oxalidaceae||42000267|FullnameNoAuthors|Oxalidaceae R. Br.|Narr. Exped. Zaire|433|||433|1818||No opinion|
411|Geraniaceae||42000268|FullnameNoAuthors|Geraniaceae Juss.|Gen. Pl.|268|||268|1789||No opinion|http://www.biodiversitylibrary.org/openurl?pid=title:284&volume=&issue=&spage=268&date=1789
414|Erythroxylaceae||42000240|FullnameNoAuthors|Erythroxylaceae Kunth|Nov. Gen. Sp. (quarto ed.)|5: 175|5||175|1822||No opinion|http://www.biodiversitylibrary.org/openurl?pid=title:640&volume=5&issue=&spage=175&date=1822
415|Euphorbiaceae||42000236|FullnameNoAuthors|Euphorbiaceae Juss.|Gen. Pl.|384–385|||384|1789||No opinion|http://www.biodiversitylibrary.org/openurl?pid=title:284&volume=&issue=&spage=384&date=1789
416|Daphniphyllaceae||42000046|FullnameNoAuthors|Daphniphyllaceae Müll. Arg.|Prodr.|16(1): 1|16|1|1|1869||No opinion|http://www.biodiversitylibrary.org/openurl?pid=title:286&volume=16&issue=1&spage=1&date=1869
417|Rutaceae||42000265|FullnameNoAuthors|Rutaceae Juss.|Gen. Pl.|296|||296|1789||No opinion|http://www.biodiversitylibrary.org/openurl?pid=title:284&volume=&issue=&spage=296&date=1789
418|Simaroubaceae||42000262|FullnameNoAuthors|Simaroubaceae DC.|Nouv. Bull. Sci. Soc. Philom. Paris|2: 209|2||209|1811||No opinion|http://www.biodiversitylibrary.org/openurl?pid=title:45848&volume=2&issue=&spage=209&date=1811
419|Burseraceae||42000259|FullnameNoAuthors|Burseraceae Kunth|Ann. Sci. Nat. (Paris)|2: 346|2||346|1824||No opinion|http://www.biodiversitylibrary.org/openurl?pid=title:6343&volume=2&issue=&spage=346&date=1824
424|Anacardiaceae||42000260|FullnameNoAuthors|Anacardiaceae R. Br.|Narr. Exped. Zaire|431|||431|1818||No opinion|
425|Aceraceae||42000258|FullnameNoAuthors|Aceraceae Juss.|Gen. Pl.|250|||250|1789||No opinion|http://www.biodiversitylibrary.org/openurl?pid=title:284&volume=&issue=&spage=250&date=1789
426|Sapindaceae||42000256|FullnameNoAuthors|Sapindaceae Juss.|Gen. Pl.|246|||246|1789||No opinion|http://www.biodiversitylibrary.org/openurl?pid=title:284&volume=&issue=&spage=246&date=1789
427|Bretschneideraceae||42000254|FullnameNoAuthors|Bretschneideraceae Engl. & Gilg|Syllabus (ed. 9 & 10)|218|||218|1924||No opinion|
428|Sabiaceae||42000036|FullnameNoAuthors|Sabiaceae Blume|Mus. Bot.|1: 368|1||368|1851||No opinion|http://www.biodiversitylibrary.org/openurl?pid=title:274&volume=1&issue=&spage=368&date=1851
429|Balsaminaceae||42000271|FullnameNoAuthors|Balsaminaceae A. Rich.|Dict. Class. Hist. Nat.|2: 173|2||173|1822||No opinion|http://www.biodiversitylibrary.org/openurl?pid=title:33901&volume=2&issue=&spage=173&date=1822
430|Aquifoliaceae||42000227|FullnameNoAuthors|Aquifoliaceae Bercht. & J. Presl|P?ir. Rostlin|2(110): 440, 438|2|110|440|1825||No opinion|
432|Staphyleaceae||42000252|FullnameNoAuthors|Staphyleaceae Martinov|Tekhno-Bot. Slovar.|598|||598|1820||No opinion|
434|Icacinaceae||42000228|FullnameNoAuthors|Icacinaceae Miers|Ann. Mag. Nat. Hist., ser. 2|8: 174|8||174|1851||No opinion|http://www.biodiversitylibrary.org/openurl?pid=title:15774&volume=8&issue=&spage=174&date=1851
435|Rhamnaceae||42000237|FullnameNoAuthors|Rhamnaceae Juss.|Gen. Pl.|376–377|||376|1789||No opinion|http://www.biodiversitylibrary.org/openurl?pid=title:284&volume=&issue=&spage=376&date=1789
438|Elaeocarpaceae||42000100|FullnameNoAuthors|Elaeocarpaceae Juss.|Essai Propr. Méd. Pl.|87|||87|1816||No opinion|
439|Tiliaceae||42000101|FullnameNoAuthors|Tiliaceae Juss.|Gen. Pl.|289|||289|1789||No opinion|http://www.biodiversitylibrary.org/openurl?pid=title:284&volume=&issue=&spage=289&date=1789
440|Malvaceae||42000104|FullnameNoAuthors|Malvaceae Juss.|Gen. Pl.|271|||271|1789||No opinion|http://www.biodiversitylibrary.org/openurl?pid=title:284&volume=&issue=&spage=271&date=1789
441|Bombacaceae||42000103|FullnameNoAuthors|Bombacaceae Kunth|Malvac., Buttner., Tiliac.|5|||5|1822||No opinion|
442|Sterculiaceae||42000102|FullnameNoAuthors|Sterculiaceae Vent.|Parad. Lond.|sub t. 69|||sub t. 69|1807||No opinion|
445|Flacourtiaceae||42000109|FullnameNoAuthors|Flacourtiaceae Rich. ex DC.|Prodr.|1: 255|1||255|1824||No opinion|http://www.biodiversitylibrary.org/openurl?pid=title:286&volume=1&issue=&spage=255&date=1824
447|Stachyuraceae||42000116|FullnameNoAuthors|Stachyuraceae J. Agardh|Theoria Syst. Pl.|152|||152|1858||No opinion|
448|Passifloraceae||42000124|FullnameNoAuthors|Passifloraceae Juss. ex Roussel|Fl. Calvados (ed. 2)|334|||334|1806||No opinion|
449|Bixaceae||42000111|FullnameNoAuthors|Bixaceae Kunth|Malvac., Buttner., Tiliac.|17|||17|1822||No opinion|
450|Tamaricaceae||42000118|FullnameNoAuthors|Tamaricaceae Link|Enum. Hort. Berol. Alt.|1: 291|1||291|1821||No opinion|http://www.biodiversitylibrary.org/openurl?pid=title:66&volume=1&issue=&spage=291&date=1821
451|Elatinaceae||42000096|FullnameNoAuthors|Elatinaceae Dumort.|Anal. Fam. Pl.|44, 49|||44|1829||No opinion|http://www.biodiversitylibrary.org/openurl?pid=title:443&volume=&issue=&spage=44&date=1829
457|Punicaceae||42000199|FullnameNoAuthors|Punicaceae Bercht. & J. Presl|P?ir. Rostlin|2(94): [378]|2|94|[378]|1825||No opinion|
459|Melastomataceae||42000202|FullnameNoAuthors|Melastomataceae Juss.|Gen. Pl.|328|||328|1789||No opinion|http://www.biodiversitylibrary.org/openurl?pid=title:284&volume=&issue=&spage=328&date=1789
460|Rhizophoraceae||42000204|FullnameNoAuthors|Rhizophoraceae Pers.|Syn. Pl.|2(1): 2|2|1|2|1806||No opinion|http://www.biodiversitylibrary.org/openurl?pid=title:638&volume=2&issue=1&spage=2&date=1806
462|Onagraceae||42000200|FullnameNoAuthors|Onagraceae Juss.|Gen. Pl.|317–318|||317|1789||No opinion|http://www.biodiversitylibrary.org/openurl?pid=title:284&volume=&issue=&spage=317&date=1789
464|Haloragaceae||42000188|FullnameNoAuthors|Haloragaceae R. Br.|Voy. Terra Austral.|2: 549|2||549|1814||No opinion|
465|Theligonaceae||42000316|FullnameNoAuthors|Theligonaceae Dumort.|Anal. Fam. Pl.|15, 17|||15|1829||No opinion|http://www.biodiversitylibrary.org/openurl?pid=title:443&volume=&issue=&spage=15&date=1829
466|Alangiaceae||42000205|FullnameNoAuthors|Alangiaceae DC.|Prodr.|3: 203|3||203|1828||No opinion|http://www.biodiversitylibrary.org/openurl?pid=title:286&volume=3&issue=&spage=203&date=1828
467|Nyssaceae||42000451|FullnameNoAuthors|Nyssaceae Juss. ex Dumort.|Anal. Fam. Pl.|13|||13|1829||No opinion|http://www.biodiversitylibrary.org/openurl?pid=title:443&volume=&issue=&spage=13&date=1829
468|Cornaceae||42000206|FullnameNoAuthors|Cornaceae Bercht. ex J. Presl|P?ir. Rostlin|2(23): 92, 91|2|23|92|1825||No opinion|
469|Araliaceae||42000272|FullnameNoAuthors|Araliaceae Juss.|Gen. Pl.|217|||217|1789||No opinion|http://www.biodiversitylibrary.org/openurl?pid=title:284&volume=&issue=&spage=217&date=1789
501|Diapensiaceae||42000149|FullnameNoAuthors|Diapensiaceae Lindl.|Intr. Nat. Syst. Bot. (ed. 2)|233|||233|1836||No opinion|
503|Ericaceae||42000146|FullnameNoAuthors|Ericaceae Juss.|Gen. Pl.|159–160|||159|1789||No opinion|http://www.biodiversitylibrary.org/openurl?pid=title:284&volume=&issue=&spage=159&date=1789
505|Primulaceae||42000157|FullnameNoAuthors|Primulaceae Batsch ex Borkh.|Bot. Wörterb.|2: 240|2||240|1797||No opinion|
506|Plumbaginaceae||42000079|FullnameNoAuthors|Plumbaginaceae Juss.|Gen. Pl.|92|||92|1789||No opinion|http://www.biodiversitylibrary.org/openurl?pid=title:284&volume=&issue=&spage=92&date=1789
507|Sapotaceae||42000150|FullnameNoAuthors|Sapotaceae Juss.|Gen. Pl.|151|||151|1789||No opinion|http://www.biodiversitylibrary.org/openurl?pid=title:284&volume=&issue=&spage=151&date=1789
508|Ebenaceae||42000151|FullnameNoAuthors|Ebenaceae Gürke|Nat. Pflanzenfam.|4(1): 153|4|1|153|1891||No opinion|http://www.biodiversitylibrary.org/openurl?pid=title:4635&volume=4&issue=1&spage=153&date=1891
509|Styracaceae||42000152|FullnameNoAuthors|Styracaceae DC. & Spreng.|Elem. Philos. Pl.|140|||140|1821||No opinion|
511|Oleaceae||42000297|FullnameNoAuthors|Oleaceae Hoffmanns. & Link|Fl. Portug.|1: 62|1||62|1809||No opinion|
513|Gentianaceae||42000276|FullnameNoAuthors|Gentianaceae Juss.|Gen. Pl.|141|||141|1789||No opinion|http://www.biodiversitylibrary.org/openurl?pid=title:284&volume=&issue=&spage=141&date=1789
514|Apocynaceae||42000278|FullnameNoAuthors|Apocynaceae Juss.|Gen. Pl.|143–144|||143|1789||No opinion|http://www.biodiversitylibrary.org/openurl?pid=title:284&volume=&issue=&spage=143&date=1789
515|Asclepiadaceae||42000279|FullnameNoAuthors|Asclepiadaceae Borkh.|Bot. Wörterb.|1: 31|1||31|1797||No opinion|
518|Convolvulaceae||42000283|FullnameNoAuthors|Convolvulaceae Juss.|Gen. Pl.|132|||132|1789||No opinion|http://www.biodiversitylibrary.org/openurl?pid=title:284&volume=&issue=&spage=132&date=1789
519|Hydrophyllaceae||42000287|FullnameNoAuthors|Hydrophyllaceae R. Br.|Bot. Reg.|3: sub t. 242|3||sub t. 242|1817||No opinion|http://www.biodiversitylibrary.org/openurl?pid=title:382&volume=3&issue=&spage=sub t. 242&date=1817
520|Boraginaceae||42000289|FullnameNoAuthors|Boraginaceae Juss.|Gen. Pl.|128|||128|1789||No opinion|http://www.biodiversitylibrary.org/openurl?pid=title:284&volume=&issue=&spage=128&date=1789
522|Callitrichaceae||42000293|FullnameNoAuthors|Callitrichaceae Link|Enum. Hort. Berol. Alt.|1: 7|1||7|1821||No opinion|http://www.biodiversitylibrary.org/openurl?pid=title:66&volume=1&issue=&spage=7&date=1821
525|Scrophulariaceae||42000298|FullnameNoAuthors|Scrophulariaceae Juss.|Gen. Pl.|117–118|||117|1789||No opinion|http://www.biodiversitylibrary.org/openurl?pid=title:284&volume=&issue=&spage=117&date=1789
526|Bignoniaceae||42000305|FullnameNoAuthors|Bignoniaceae Juss.|Gen. Pl.|137|||137|1789||No opinion|http://www.biodiversitylibrary.org/openurl?pid=title:284&volume=&issue=&spage=137&date=1789
528|Pedaliaceae||42000304|FullnameNoAuthors|Pedaliaceae R. Br.|Prodr.|519|||519|1810||No opinion|http://www.biodiversitylibrary.org/openurl?pid=title:3678&volume=&issue=&spage=519&date=1810
529|Gesneriaceae||42000302|FullnameNoAuthors|Gesneriaceae Rich. & Juss.|Essai Propr. Méd. Pl., ed. 2|192|||192|1816||No opinion|
530|Orobanchaceae||42000301|FullnameNoAuthors|Orobanchaceae Vent.|Tabl. Regn. Veg.|2: 292|2||292|1799||No opinion|
541|Menyanthaceae||42000285|FullnameNoAuthors|Menyanthaceae Dumort.|Anal. Fam. Pl.|20, 25|||20|1829||No opinion|http://www.biodiversitylibrary.org/openurl?pid=title:443&volume=&issue=&spage=20&date=1829
611|Stemonaceae||42000382|FullnameNoAuthors|Stemonaceae Caruel|Nuovo Giorn. Bot. Ital.|10: 94|10||94|1878||No opinion|
612|Agavaceae||42000378|FullnameNoAuthors|Agavaceae Dumort.|Anal. Fam. Pl.|57, 58|||57|1829||No opinion|http://www.biodiversitylibrary.org/openurl?pid=title:443&volume=&issue=&spage=57&date=1829
614|Hypoxidaceae||42000441|FullnameNoAuthors|Hypoxidaceae R. Br.|Voy. Terra Austral.|2: 576|2||576|1814||No opinion|
615|Dioscoreaceae||42000384|FullnameNoAuthors|Dioscoreaceae R. Br.|Prodr.|294|||294|1810||No opinion|http://www.biodiversitylibrary.org/openurl?pid=title:3678&volume=&issue=&spage=294&date=1810
616|Smilacaceae||42000383|FullnameNoAuthors|Smilacaceae Vent.|Tabl. Regn. Veg.|2: 146|2||146|1799||No opinion|
618|Iridaceae||42000375|FullnameNoAuthors|Iridaceae Juss.|Gen. Pl.|57|||57|1789||No opinion|http://www.biodiversitylibrary.org/openurl?pid=title:284&volume=&issue=&spage=57&date=1789
620|Philydraceae||42000370|FullnameNoAuthors|Philydraceae Link|Enum. Hort. Berol. Alt.|1: 5|1||5|1821||No opinion|http://www.biodiversitylibrary.org/openurl?pid=title:66&volume=1&issue=&spage=5&date=1821
622|Commelinaceae||42000348|FullnameNoAuthors|Commelinaceae Mirb.|Hist. Nat. Pl.|8: 177|8||177|1804||No opinion|
624|Eriocaulaceae||42000349|FullnameNoAuthors|Eriocaulaceae Martinov|Tekhno-Bot. Slovar.|237|||237|1820||No opinion|
625|Bromeliaceae||42000361|FullnameNoAuthors|Bromeliaceae Juss.|Gen. Pl.|49–50|||49|1789||No opinion|http://www.biodiversitylibrary.org/openurl?pid=title:284&volume=&issue=&spage=49&date=1789
626|Flagellariaceae||42000350|FullnameNoAuthors|Flagellariaceae Dumort.|Anal. Fam. Pl.|59, 60|||59|1829||No opinion|http://www.biodiversitylibrary.org/openurl?pid=title:443&volume=&issue=&spage=59&date=1829
630|Cyclanthaceae||42000340|FullnameNoAuthors|Cyclanthaceae Poit. ex A. Rich.|Dict. Class. Hist. Nat.|5: 222|5||222|1824||No opinion|http://www.biodiversitylibrary.org/openurl?pid=title:33901&volume=5&issue=&spage=222&date=1824
631|Taccaceae||42000381|FullnameNoAuthors|Taccaceae Dumort.|Anal. Fam. Pl.|57–58|||57|1829||No opinion|http://www.biodiversitylibrary.org/openurl?pid=title:443&volume=&issue=&spage=57&date=1829
635|Sparganiaceae||42000359|FullnameNoAuthors|Sparganiaceae Hanin|Cours Bot.|400|||400|1811||No opinion|
638|Strelitziaceae||42000362|FullnameNoAuthors|Strelitziaceae Hutch.|Fam. Fl. Pl., Monocot.|2: 72|2||72|1934||No opinion|
641|Marantaceae||42000369|FullnameNoAuthors|Marantaceae R. Br.|Voy. Terra Austral.|2: 575|2||575|1814||No opinion|
642|Orchidaceae||42000388|FullnameNoAuthors|Orchidaceae Juss.|Gen. Pl.|64–65|||64|1789||No opinion|http://www.biodiversitylibrary.org/openurl?pid=title:284&volume=&issue=&spage=64&date=1789
643|Petrosaviaceae||50304850|FullnameNoAuthors|Petrosaviaceae Hutch.|Fam. Fl. Pl., Monocot.|2: 36|2||36|1934||No opinion|
701|Cardiopteridaceae||42000230|FullnameNoAuthors|Cardiopteridaceae Blume|Rumphia|3: 205|3||205|1847||No opinion|
702|Gnetaceae||42000446|FullnameNoAuthors|Gnetaceae Blume|Nov. Pl. Expos.|23|||23|1833||No opinion|
706|Dipterocarpaceae||42000085|FullnameNoAuthors|Dipterocarpaceae Blume|Bijdr. Fl. Ned. Ind.|222|||222|1825||No opinion|http://www.biodiversitylibrary.org/openurl?pid=title:395&volume=&issue=&spage=222&date=1825
708|Sonneratiaceae||42000190|FullnameNoAuthors|Sonneratiaceae Engl.|Nat. Pflanzenfam.|Nachtr. 1: 261|Nachtr. 1||261|1897||No opinion|
709|Cannabaceae||42000051|FullnameNoAuthors|Cannabaceae Martinov|Tekhno-Bot. Slovar.|99|||99|1820||No opinion|
711|Ephedraceae||42000419|FullnameNoAuthors|Ephedraceae Dumort.|Anal. Fam. Pl.|11, 12|||11|1829||No opinion|http://www.biodiversitylibrary.org/openurl?pid=title:443&volume=&issue=&spage=11&date=1829
712|Alstroemeriaceae||42000440|FullnameNoAuthors|Alstroemeriaceae Dumort.|Anal. Fam. Pl.|57, 58|||57|1829||No opinion|http://www.biodiversitylibrary.org/openurl?pid=title:443&volume=&issue=&spage=57&date=1829
713|Anthericaceae  ||50324391|FullnameNoAuthors|Anthericaceae J. Agardh|Theoria Syst. Pl.|27|||27|1858||No opinion|
714|Adoxaceae||42000318|FullnameNoAuthors|Adoxaceae E. Mey.|Preuss. Pfl.-Gatt.|198|||198|1839||No opinion|
716|Ancistrocladaceae||42000121|FullnameNoAuthors|Ancistrocladaceae Planch. ex Walp.|Ann. Bot. Syst.|2: 175|2||175|1851||No opinion|http://www.biodiversitylibrary.org/openurl?pid=title:7556&volume=2&issue=&spage=175&date=1851
717|Anisophylleaceae||42000171|FullnameNoAuthors|Anisophylleaceae Ridl.|Fl. Malay. Penin.|1: 700|1||700|1922||No opinion|
718|Pentaphylacaceae||42000090|FullnameNoAuthors|Pentaphylacaceae Engl.|Nat. Pflanzenfam., Nachträge|1: 214|1||214|1897||No opinion|
719|Haemodoraceae||42000372|FullnameNoAuthors|Haemodoraceae R. Br.|Prodr.|299|||299|1810||No opinion|http://www.biodiversitylibrary.org/openurl?pid=title:3678&volume=&issue=&spage=299&date=1810
723|Nartheciaceae||50324677|FullnameNoAuthors|Nartheciaceae Fr. ex Bjurzon|Skand. Vaxtfam.|64|||64|1846||No opinion|
724|Paeoniaceae||42000081|FullnameNoAuthors|Paeoniaceae Raf.|Anal. Nat.|176|||176|1815||No opinion|
725|Rhoipteleaceae||42000057|FullnameNoAuthors|Rhoipteleaceae Hand.-Mazz.|Repert. Spec. Nov. Regni Veg.|30: 75|30||75|1932||No opinion|
726|Pandaceae||42000235|FullnameNoAuthors|Pandaceae Engl. & Gilg|Syllabus (ed. 7)|223|||223|1912-1913||No opinion|
727|Cynomoriaceae||50275155|FullnameNoAuthors|Cynomoriaceae Endl. ex Lindl.|Nix. Pl.|23|||23|1833||No opinion|
731|Brunelliaceae||42000158|FullnameNoAuthors|Brunelliaceae Engl.|Nat. Pflanzenfam.|1: 182|1||182|1897||No opinion|http://www.biodiversitylibrary.org/openurl?pid=title:4635&volume=1&issue=&spage=182&date=1897
732|Calycanthaceae||42000014|FullnameNoAuthors|Calycanthaceae Lindl.|Bot. Reg.|5: pl. 404|5||pl. 404|1819||No opinion|http://www.biodiversitylibrary.org/openurl?pid=title:382&volume=5&issue=&spage=pl. 404&date=1819
734|Tapisciaceae||50324765|FullnameNoAuthors|Tapisciaceae Takht.|Sist. Magnol.|171|||171|1987||No opinion|
735|Viscaceae||42000215|FullnameNoAuthors|Viscaceae Batsch|Tab. Affin. Regni Veg.|240|||240|1802||No opinion|
736|Clethraceae||42000142|FullnameNoAuthors|Clethraceae Klotzsch|Linnaea|24(1): 12|24|1|12|1851||No opinion|http://www.biodiversitylibrary.org/openurl?pid=title:626&volume=24&issue=1&spage=12&date=1851
738|Dipentodontaceae||42000209|FullnameNoAuthors|Dipentodontaceae Merr.|Brittonia|4: 69, 73|4||69|1941||No opinion|
739|Circaeasteraceae||42000030|FullnameNoAuthors|Circaeasteraceae Hutch.|Fam. Fl. Pl., Dicot.|1: 98|1||98|1926||No opinion|
740|Cistaceae||42000112|FullnameNoAuthors|Cistaceae Juss.|Gen. Pl.|294|||294|1789||No opinion|http://www.biodiversitylibrary.org/openurl?pid=title:284&volume=&issue=&spage=294&date=1789
743|Centroplacaceae||100352707|FullnameNoAuthors|Centroplacaceae Doweld & Reveal|Bot. Rev. (Lancaster)|71: 48|71||48|2005||No opinion|
107|Marattiaceae||42000420|FullnameNoAuthors|Marattiaceae Kaulf.|Enum. Filic.|31|||31|1824||nom. cons.|
125|Dryopteridaceae||42000395|FullnameNoAuthors|Dryopteridaceae Herter|Revista Sudamer. Bot.|9: 15|9||15|1949||nom. cons.|
206|Podocarpaceae||50126585|FullnameNoAuthors|Podocarpaceae Endl.|Syn. Conif.|203|||203|1847||nom. cons.|
302|Myricaceae||42000059|FullnameNoAuthors|Myricaceae Rich. ex Kunth|Nov. Gen. Sp. (quarto ed.)|2: 16|2||16|1817||nom. cons.|http://www.biodiversitylibrary.org/openurl?pid=title:640&volume=2&issue=&spage=16&date=1817
308|Moraceae||42000052|FullnameNoAuthors|Moraceae Gaudich.|Gen. Pl.|13|||13|1835||nom. cons.|
311|Proteaceae||42000186|FullnameNoAuthors|Proteaceae Juss.|Gen. Pl.|78|||78|1789||nom. cons.|http://www.biodiversitylibrary.org/openurl?pid=title:284&volume=&issue=&spage=78&date=1789
315|Loranthaceae||42000214|FullnameNoAuthors|Loranthaceae Juss.|Ann. Mus. Natl. Hist. Nat.|12: 292|12||292|1808||nom. cons.|http://www.biodiversitylibrary.org/openurl?pid=title:41507&volume=12&issue=&spage=292&date=1808
317|Polygonaceae||42000078|FullnameNoAuthors|Polygonaceae Juss.|Gen. Pl.|82|||82|1789||nom. cons.|http://www.biodiversitylibrary.org/openurl?pid=title:284&volume=&issue=&spage=82&date=1789
318|Phytolaccaceae||42000066|FullnameNoAuthors|Phytolaccaceae R. Br.|Narr. Exped. Zaire|454|||454|1818||nom. cons.|
319|Nyctaginaceae||42000068|FullnameNoAuthors|Nyctaginaceae Juss.|Gen. Pl.|90|||90|1789||nom. cons.|http://www.biodiversitylibrary.org/openurl?pid=title:284&volume=&issue=&spage=90&date=1789
321|Aizoaceae||42000069|FullnameNoAuthors|Aizoaceae Martinov|Tekhno-Bot. Slovar.|15|||15|1820||nom. cons.|
328|Magnoliaceae||42000005|FullnameNoAuthors|Magnoliaceae Juss.|Gen. Pl.|280|||280|1789||nom. cons.|http://www.biodiversitylibrary.org/openurl?pid=title:284&volume=&issue=&spage=280&date=1789
330|Myristicaceae||42000008|FullnameNoAuthors|Myristicaceae R. Br.|Prodr.|399|||399|1810||nom. cons.|http://www.biodiversitylibrary.org/openurl?pid=title:3678&volume=&issue=&spage=399&date=1810
333|Lauraceae||42000016|FullnameNoAuthors|Lauraceae Juss.|Gen. Pl.|80|||80|1789||nom. cons.|http://www.biodiversitylibrary.org/openurl?pid=title:284&volume=&issue=&spage=80&date=1789
338|Lardizabalaceae||42000033|FullnameNoAuthors|Lardizabalaceae R. Br.|Trans. Linn. Soc. London|13(1): 212|13|1|212|1821||nom. cons.|http://www.biodiversitylibrary.org/openurl?pid=title:683&volume=13&issue=1&spage=212&date=1821
340|Nelumbonaceae||42000024|FullnameNoAuthors|Nelumbonaceae A. Rich.|Dict. Class. Hist. Nat.|11: 492|11||492|1827||nom. cons.|http://www.biodiversitylibrary.org/openurl?pid=title:33901&volume=11&issue=&spage=492&date=1827
341|Nymphaeaceae||42000025|FullnameNoAuthors|Nymphaeaceae Salisb.|Ann. Bot. (König & Sims)|2: 70|2||70|1805||nom. cons.|
344|Saururaceae||42000019|FullnameNoAuthors|Saururaceae Rich. ex T. Lestib.|Botanogr. Élém.|453|||453|1826||nom. cons.|
347|Aristolochiaceae||42000021|FullnameNoAuthors|Aristolochiaceae Juss.|Gen. Pl.|72–73|||72|1789||nom. cons.|http://www.biodiversitylibrary.org/openurl?pid=title:284&volume=&issue=&spage=72&date=1789
352|Clusiaceae||42000099|FullnameNoAuthors|Clusiaceae Lindl.|Intr. Nat. Syst. Bot. (ed. 2)|74|||74|1836||nom. cons.|
356|Capparaceae||42000135|FullnameNoAuthors|Capparaceae Juss.|Gen. Pl.|242|||242|1789||nom. cons.|http://www.biodiversitylibrary.org/openurl?pid=title:284&volume=&issue=&spage=242&date=1789
357|Brassicaceae||42000136|FullnameNoAuthors|Brassicaceae Burnett|Outlines Bot.|854, 1093, 1123|||854|1835||nom. cons.|
401|Resedaceae||42000138|FullnameNoAuthors|Resedaceae Martinov|Tekhno-Bot. Slovar.|541|||541|1820||nom. cons.|
403|Hamamelidaceae||42000044|FullnameNoAuthors|Hamamelidaceae R. Br.|Narr. Journey China|374|||374|1818||nom. cons.|
404|Crassulaceae||42000173|FullnameNoAuthors|Crassulaceae J. St.-Hil.|Expos. Fam. Nat.|2: 123|2||123|1805||nom. cons.|
407|Rosaceae||42000176|FullnameNoAuthors|Rosaceae Juss.|Gen. Pl.|334|||334|1789||nom. cons.|http://www.biodiversitylibrary.org/openurl?pid=title:284&volume=&issue=&spage=334&date=1789
409|Fabaceae||42000184|FullnameNoAuthors|Fabaceae Lindl.|Intr. Nat. Syst. Bot. (ed. 2)|148|||148|1836||nom. cons.|
412|Tropaeolaceae||42000270|FullnameNoAuthors|Tropaeolaceae Juss. ex DC.|Prodr.|1: 683|1||683|1824||nom. cons.|http://www.biodiversitylibrary.org/openurl?pid=title:286&volume=1&issue=&spage=683&date=1824
413|Zygophyllaceae||42000266|FullnameNoAuthors|Zygophyllaceae R. Br.|Voy. Terra Austral.|2: 545|2||545|1814||nom. cons.|
421|Malpighiaceae||42000245|FullnameNoAuthors|Malpighiaceae Juss.|Gen. Pl.|252|||252|1789||nom. cons.|http://www.biodiversitylibrary.org/openurl?pid=title:284&volume=&issue=&spage=252&date=1789
422|Polygalaceae||42000249|FullnameNoAuthors|Polygalaceae Hoffmanns. & Link|Fl. Portug.|1: 62|1||62|1809||nom. cons.|
423|Coriariaceae||42000035|FullnameNoAuthors|Coriariaceae DC.|Prodr.|1: 739|1||739|1824||nom. cons.|http://www.biodiversitylibrary.org/openurl?pid=title:286&volume=1&issue=&spage=739&date=1824
431|Celastraceae||42000222|FullnameNoAuthors|Celastraceae R. Br.|Voy. Terra Austral.|2: 554|2||554|1814||nom. cons.|
433|Buxaceae||42000233|FullnameNoAuthors|Buxaceae Dumort.|Comment. Bot.|54|||54|1822||nom. cons.|
436|Vitaceae||42000239|FullnameNoAuthors|Vitaceae Juss.|Gen. Pl.|267|||267|1789||nom. cons.|http://www.biodiversitylibrary.org/openurl?pid=title:284&volume=&issue=&spage=267&date=1789
437|Leeaceae||42000238|FullnameNoAuthors|Leeaceae Dumort.|Anal. Fam. Pl.|21, 27|||21|1829||nom. cons.|http://www.biodiversitylibrary.org/openurl?pid=title:443&volume=&issue=&spage=21&date=1829
443|Thymelaeaceae||42000196|FullnameNoAuthors|Thymelaeaceae Juss.|Gen. Pl.|76|||76|1789||nom. cons.|http://www.biodiversitylibrary.org/openurl?pid=title:284&volume=&issue=&spage=76&date=1789
444|Elaeagnaceae||42000185|FullnameNoAuthors|Elaeagnaceae Juss.|Gen. Pl.|74–75|||74|1789||nom. cons.|http://www.biodiversitylibrary.org/openurl?pid=title:284&volume=&issue=&spage=74&date=1789
446|Violaceae||42000117|FullnameNoAuthors|Violaceae Batsch|Tab. Affin. Regni Veg.|57|||57|1802||nom. cons.|
452|Caricaceae||42000126|FullnameNoAuthors|Caricaceae Dumort.|Anal. Fam. Pl.|37, 42|||37|1829||nom. cons.|http://www.biodiversitylibrary.org/openurl?pid=title:443&volume=&issue=&spage=37&date=1829
453|Begoniaceae||42000131|FullnameNoAuthors|Begoniaceae C. Agardh|Aphor. Bot.|200|||200|1824||nom. cons.|http://www.biodiversitylibrary.org/openurl?pid=title:44857&volume=&issue=&spage=200&date=1824
455|Lythraceae||42000191|FullnameNoAuthors|Lythraceae J. St.-Hil.|Expos. Fam. Nat.|2: 175|2||175|1805||nom. cons.|
456|Myrtaceae||42000198|FullnameNoAuthors|Myrtaceae Juss.|Gen. Pl.|322–323|||322|1789||nom. cons.|http://www.biodiversitylibrary.org/openurl?pid=title:284&volume=&issue=&spage=322&date=1789
458|Lecythidaceae||42000105|FullnameNoAuthors|Lecythidaceae A. Rich.|Dict. Class. Hist. Nat.|9: 259|9||259|1825||nom. cons.|http://www.biodiversitylibrary.org/openurl?pid=title:33901&volume=9&issue=&spage=259&date=1825
461|Combretaceae||42000203|FullnameNoAuthors|Combretaceae R. Br.|Prodr.|351|||351|1810||nom. cons.|http://www.biodiversitylibrary.org/openurl?pid=title:3678&volume=&issue=&spage=351&date=1810
463|Trapaceae||42000197|FullnameNoAuthors|Trapaceae Dumort.|Anal. Fam. Pl.|36, 39|||36|1829||nom. cons.|http://www.biodiversitylibrary.org/openurl?pid=title:443&volume=&issue=&spage=36&date=1829
470|Apiaceae||42000273|FullnameNoAuthors|Apiaceae Lindl.|Intr. Nat. Syst. Bot. (ed. 2)|21|||21|1836||nom. cons.|
502|Pyrolaceae||42000147|FullnameNoAuthors|Pyrolaceae Lindl.|Syn. Brit. Fl.|175|||175|1829||nom. cons.|http://www.biodiversitylibrary.org/openurl?pid=title:75625&volume=&issue=&spage=175&date=1829
504|Myrsinaceae||42000156|FullnameNoAuthors|Myrsinaceae R. Br.|Prodr.|532|||532|1810||nom. cons.|http://www.biodiversitylibrary.org/openurl?pid=title:3678&volume=&issue=&spage=532&date=1810
510|Symplocaceae||42000154|FullnameNoAuthors|Symplocaceae Desf.|Mém. Mus. Hist. Nat.|6: 9|6||9|1820||nom. cons.|http://www.biodiversitylibrary.org/openurl?pid=title:50067&volume=6&issue=&spage=9&date=1820
512|Loganiaceae||42000274|FullnameNoAuthors|Loganiaceae R. Br. ex Mart.|Nov. Gen. Sp. Pl.|2: 133|2||133|1827||nom. cons.|http://www.biodiversitylibrary.org/openurl?pid=title:450&volume=2&issue=&spage=133&date=1827
516|Rubiaceae||42000315|FullnameNoAuthors|Rubiaceae Juss.|Gen. Pl.|196|||196|1789||nom. cons.|http://www.biodiversitylibrary.org/openurl?pid=title:284&volume=&issue=&spage=196&date=1789
517|Polemoniaceae||42000286|FullnameNoAuthors|Polemoniaceae Juss.|Gen. Pl.|136|||136|1789||nom. cons.|http://www.biodiversitylibrary.org/openurl?pid=title:284&volume=&issue=&spage=136&date=1789
521|Verbenaceae||42000290|FullnameNoAuthors|Verbenaceae J. St.-Hil.|Expos. Fam. Nat.|1: 245|1||245|1805||nom. cons.|
523|Lamiaceae||42000291|FullnameNoAuthors|Lamiaceae Martinov|Tekhno-Bot. Slovar.|355|||355|1820||nom. cons.|
524|Solanaceae||42000282|FullnameNoAuthors|Solanaceae Juss.|Gen. Pl.|124|||124|1789||nom. cons.|http://www.biodiversitylibrary.org/openurl?pid=title:284&volume=&issue=&spage=124&date=1789
531|Lentibulariaceae||42000307|FullnameNoAuthors|Lentibulariaceae Rich.|Fl. Paris (ed. fol.)|1: 23|1||23|1808||nom. cons.|
532|Myoporaceae||42000300|FullnameNoAuthors|Myoporaceae R. Br.|Prodr.|514|||514|1810||nom. cons.|http://www.biodiversitylibrary.org/openurl?pid=title:3678&volume=&issue=&spage=514&date=1810
533|Plantaginaceae||42000295|FullnameNoAuthors|Plantaginaceae Juss.|Gen. Pl.|89–90|||89|1789||nom. cons.|http://www.biodiversitylibrary.org/openurl?pid=title:284&volume=&issue=&spage=89&date=1789
535|Valerianaceae||42000319|FullnameNoAuthors|Valerianaceae Batsch|Tab. Affin. Regni Veg.|227|||227|1802||nom. cons.|
538|Goodeniaceae||42000314|FullnameNoAuthors|Goodeniaceae R. Br.|Prodr.|573|||573|1810||nom. cons.|http://www.biodiversitylibrary.org/openurl?pid=title:3678&volume=&issue=&spage=573&date=1810
539|Asteraceae||50307371|FullnameNoAuthors|Asteraceae Bercht. & J. Presl|Prir. Rostlin|254|||254|1820||nom. cons.|
607|Zannichelliaceae||42000333|FullnameNoAuthors|Zannichelliaceae Chevall.|Fl. Gén. Env. Paris|2: 256|2||256|1827||nom. cons.|
608|Zosteraceae||42000336|FullnameNoAuthors|Zosteraceae Dumort.|Anal. Fam. Pl.|65–66|||65|1829||nom. cons.|http://www.biodiversitylibrary.org/openurl?pid=title:443&volume=&issue=&spage=65&date=1829
609|Najadaceae||42000332|FullnameNoAuthors|Najadaceae Juss.|Gen. Pl.|18|||18|1789||nom. cons.|http://www.biodiversitylibrary.org/openurl?pid=title:284&volume=&issue=&spage=18&date=1789
610|Liliaceae||42000374|FullnameNoAuthors|Liliaceae Juss.|Gen. Pl.|48|||48|1789||nom. cons.|http://www.biodiversitylibrary.org/openurl?pid=title:284&volume=&issue=&spage=48&date=1789
613|Amaryllidaceae||42000442|FullnameNoAuthors|Amaryllidaceae J. St.-Hil.|Expos. Fam. Nat.|1: 134|1||134|1805||nom. cons.|
617|Pontederiaceae||42000371|FullnameNoAuthors|Pontederiaceae Kunth|Nov. Gen. Sp. (quarto ed.)|1: 265|1||265|1815|1816|nom. cons.|http://www.biodiversitylibrary.org/openurl?pid=title:640&volume=1&issue=&spage=265&date=1815
621|Juncaceae||50181959|FullnameNoAuthors|Juncaceae Juss.|Gen. Pl.|43|||43|1789||nom. cons.|http://www.biodiversitylibrary.org/openurl?pid=title:284&volume=&issue=&spage=43&date=1789
623|Xyridaceae||42000346|FullnameNoAuthors|Xyridaceae C. Agardh|Aphor. Bot.|158|||158|1823||nom. cons.|http://www.biodiversitylibrary.org/openurl?pid=title:44857&volume=&issue=&spage=158&date=1823
628|Poaceae||42000357|FullnameNoAuthors|Poaceae Barnhart|Bull. Torrey Bot. Club|22: 7|22||7|1895||nom. cons.|http://www.biodiversitylibrary.org/openurl?pid=title:340&volume=22&issue=&spage=7&date=1895
629|Arecaceae||42000339|FullnameNoAuthors|Arecaceae Bercht. & J. Presl|Prir. Rostlin|266|||266|1820||nom. cons.|
633|Lemnaceae||42000344|FullnameNoAuthors|Lemnaceae Martinov|Tekhno-Bot. Slovar.|362|||362|1820||nom. cons.|
637|Musaceae||42000364|FullnameNoAuthors|Musaceae Juss.|Gen. Pl.|61|||61|1789||nom. cons.|http://www.biodiversitylibrary.org/openurl?pid=title:284&volume=&issue=&spage=61&date=1789
639|Zingiberaceae||42000366|FullnameNoAuthors|Zingiberaceae Martinov|Tekhno-Bot. Slovar.|682|||682|1820||nom. cons.|
640|Cannaceae||42000368|FullnameNoAuthors|Cannaceae Juss.|Gen. Pl.|62|||62|1789||nom. cons.|http://www.biodiversitylibrary.org/openurl?pid=title:284&volume=&issue=&spage=62&date=1789
703|Nepenthaceae||42000107|FullnameNoAuthors|Nepenthaceae Dumort.|Anal. Fam. Pl.|14, 16|||14|1829||nom. cons.|http://www.biodiversitylibrary.org/openurl?pid=title:443&volume=&issue=&spage=14&date=1829
704|Linaceae||42000244|FullnameNoAuthors|Linaceae DC. ex Perleb|Vers. Arzneikr. Pfl.|107|||107|1818||nom. cons.|
705|Gunneraceae||42000189|FullnameNoAuthors|Gunneraceae Meisn.|Pl. Vasc. Gen.|1: 345, 346, 2: 257|1||345|1836–1843|1842|nom. cons.|http://www.biodiversitylibrary.org/openurl?pid=title:44043&volume=1&issue=&spage=345&date=1836–1843
707|Phrymaceae||50299879|FullnameNoAuthors|Phrymaceae Schauer|Prodr.|11: 520|11||520|1847||nom. cons.|http://www.biodiversitylibrary.org/openurl?pid=title:286&volume=11&issue=&spage=520&date=1847
728|Restionaceae||42000352|FullnameNoAuthors|Restionaceae R. Br.|Prodr.|243|||243|1810||nom. cons.|http://www.biodiversitylibrary.org/openurl?pid=title:3678&volume=&issue=&spage=243&date=1810
729|Bataceae||42000140|FullnameNoAuthors|Bataceae Mart. ex Perleb|Clav. Class.|17|||17|1838||nom. cons.|
730|Podostemaceae||42000187|FullnameNoAuthors|Podostemaceae Rich. ex Kunth|Nov. Gen. Sp. (quarto ed.)|1: 246|1||246|1816||nom. cons.|http://www.biodiversitylibrary.org/openurl?pid=title:640&volume=1&issue=&spage=246&date=1816
733|Ochnaceae||42000082|FullnameNoAuthors|Ochnaceae DC.|Nouv. Bull. Sci. Soc. Philom. Paris|2: 209|2||209|1811||nom. cons.|http://www.biodiversitylibrary.org/openurl?pid=title:45848&volume=2&issue=&spage=209&date=1811
741|Ixonanthaceae||42000242|FullnameNoAuthors|Ixonanthaceae Planch. ex Miq.|Fl. Ned. Ind.|1(2): viii, 494|1|2|viii|1858||nom. cons.|http://www.biodiversitylibrary.org/openurl?pid=title:93&volume=1&issue=2&spage=viii&date=1858
742|Phyllanthaceae||50308046|FullnameNoAuthors|Phyllanthaceae Martinov|Tekhno-Bot. Slovar.|369|||369|1820||nom. cons.|
134|Parkeriaceae|119|42000406|FullnameNoAuthorsIllegit|Parkeriaceae Hook.|Exot. Fl.|pl. 147|||pl. 147|1825||nom. rej.|http://www.biodiversitylibrary.org/openurl?pid=title:51264&volume=&issue=&spage=pl. 147&date=1825
